url,name,address,city,state,phone
http://maureenhbrowncpallc.com/,Results,"22434 Grebe Ln, Ocean View, DE 19970",Ocean View,DE,(301) 943-1911
https://www.mbonlinecpa.com/,Results,"40 Atlantic Ave, Ocean View, DE 19970",Ocean View,DE,
http://www.juds.com/,Results,"Professional Center, 92 Atlantic Ave D, Ocean View, DE 19970",Ocean View,DE,(302) 539-5543
http://www.fawcasson.com/,Results,"20376 Coastal Hwy Suite 101, Rehoboth Beach, DE 19971",Rehoboth Beach,DE,(302) 226-1919
https://ocpafirm.com/,Results,,Bethany Beach,DE,(443) 504-4586
http://www.doreybateman.com/,Results,"323 Rehoboth Ave Unit D, Rehoboth Beach, DE 19971",Rehoboth Beach,DE,(302) 856-0970
http://www.pha.cpa/,Results,"28466 Dupont Blvd, Millsboro, DE 19966",Millsboro,DE,(302) 934-6688
https://www.backbayfp.com/,Results,"39682 Sunrise Ct #303, Bethany Beach, DE 19930",Bethany Beach,DE,(302) 316-1820
http://www.marshallwagner.com/,Results,"19643 Blue Bird Ln #2, Rehoboth Beach, DE 19971",Rehoboth Beach,DE,(302) 227-2537
http://cgcpa.pro/,Results,"19 120th St, Ocean City, MD 21842",Ocean City,MD,(410) 524-2720
http://www.killiancpa.com/,Results,"118 Church St, Selbyville, DE 19975",Selbyville,DE,(302) 524-8091
https://www.cpaoffice.com/?utm_source=google&utm_medium=wix_google_business_profile&utm_campaign=7390149792420297398,Results,"24249 Canoe Dr, Millsboro, DE 19966",Millsboro,DE,(302) 681-4841
https://www.tpgcpa.com/,Results,"705 Westchester Ct, Dagsboro, DE 19939",Dagsboro,DE,(302) 541-0610
https://campbellcoaccounting.com/,Results,"37427 Gateway Ln unit 3, Selbyville, DE 19975",Selbyville,DE,(302) 617-2377
https://splinternetmarketing.com/local-pros/md/bishopville/james-patrick-shumate-cpa/,Results,"11912 Back Creek Rd, Bishopville, MD 21813",Bishopville,MD,(410) 352-3400
https://fureverbookkeeping.com/,Results,"34184 Sanderling Dr, Frankford, DE 19945",Frankford,DE,(302) 303-0130
http://delawarecpa.net/,Results,"216A W Market St, Georgetown, DE 19947",Georgetown,DE,(302) 854-0133
http://www.fawcasson.com/?utm_source=Next&utm_medium=Google_website&utm_campaign=OceanCity,Results,"9748 Stephen Decatur Hwy #103, Ocean City, MD 21842",Ocean City,MD,(410) 213-8700
http://www.savvyacctgcorp.net/,Results,"26238 Richfield Dr, Lewes, DE 19958",Lewes,DE,(646) 284-7240
http://www.cmcgrouptaxes.com/,Results,"92 Gerald Dr Ste a, Newark, DE 19713",Newark,DE,(866) 504-8090
https://dfcpasllc.com/,Results,"18306 Coastal Hwy, Lewes, DE 19958",Lewes,DE,(302) 644-4441
http://www.waynetaxpro.com/,Results,,Bethany Beach,DE,(973) 262-8409
https://delviconsultinggroup.com/,Results,"30470 Conaway Rd, Millsboro, DE 19966",Millsboro,DE,(302) 469-3699
https://www.tidewaterbusinesssvc.com/,Results,,Bethany Beach,DE,(302) 237-7455
https://www.stevenfalconecpa.com/,Results,"17663 Church St, Lewes, DE 19958",Lewes,DE,(302) 644-8634
http://howardwimbrowcpa.com/,Results,"17527 Nassau Commons Blvd #214, Lewes, DE 19958",Lewes,DE,(302) 539-0829
http://taxpreparationoceancitymd.com/,Results,"109 77th St. 1st Floor, Suite 2, Ocean City, MD 21842",Ocean City,MD,(410) 723-3436
http://www.gregorycpa.net/,Results,"19 120th St, Ocean City, MD 21842",Ocean City,MD,(410) 524-2720
http://mysmallbusinessaccountant.com/,Results,,Bethany Beach,DE,(302) 291-2714
http://www.pkscpa.com/,Results,"1143 Savannah Rd #1, Lewes, DE 19958",Lewes,DE,(302) 645-5757
https://www.metzbower.cpa/,Results,"609 S Surf Rd, Ocean City, MD 21842",Ocean City,MD,(800) 780-7090
https://delawarecpa.net/,Results,"216 E Market St suite 101, Georgetown, DE 19947",Georgetown,DE,
http://luffcpas.com/,Results,"223 S Rehoboth Blvd Ste A, Milford, DE 19963",Milford,DE,(302) 422-9699
https://tylercpa.com/,Results,"12445 Ocean Gateway #11, Ocean City, MD 21842",Ocean City,MD,(410) 213-1200
https://preferredtax.com/,Results,"32369 Long Neck Rd #13, Millsboro, DE 19966",Millsboro,DE,(302) 945-3700
http://www.consultancyllc.com/,Results,"4 N Main St, Selbyville, DE 19975",Selbyville,DE,(302) 364-0333
http://www.sdwaccounting.com/,Results,"117 S Bedford St, Georgetown, DE 19947",Georgetown,DE,(302) 856-4141
https://terrellcpa.com/,Results,"1109 Middleford Rd # B, Seaford, DE 19973",Seaford,DE,(302) 628-1515
http://www.srenardcpa.com/,Results,"124 Tobin Dr, Milton, DE 19968",Milton,DE,(302) 381-8928
http://premocpa.com/,Results,"310 High St, Seaford, DE 19973",Seaford,DE,(302) 875-4205
http://www.thegodwinfirm.com/,Results,"110 W Pine St, Georgetown, DE 19947",Georgetown,DE,(302) 856-6712
http://regiustax.com/,Results,"16192 Coastal Hwy, Lewes, DE 19958",Lewes,DE,(302) 482-8292
http://www.quisgardcpa.com/,Results,"11004 Manklin Meadows Ln #4, Ocean Pines, MD 21811",Ocean Pines,MD,(410) 208-1695
http://www.aebusinesservices.com/,Results,"616 R Wilson Lp, Georgetown, DE 19947",Georgetown,DE,(302) 604-9839
http://www.toddstax.com/,Results,"11516 Commercial Ln, Laurel, DE 19956",Laurel,DE,(302) 875-2433
https://campbellcoaccounting.com/studio,Results,,Bethany Beach,DE,
http://www.ljtcpa.com/,Results,"268 Milford Harrington Hwy, Milford, DE 19963",Milford,DE,(302) 422-3308
https://www.hrblock.com/tax-office-near-me/delaware/rehoboth-beach/8261/?otppartnerid=9308&campaignid=pw_mcm_9308_9762&utm_medium=local,Results,"18585 Coastal Hwy #17, Rehoboth Beach, DE 19971",Rehoboth Beach,DE,(302) 645-2000
https://www.firststateaccounting.com/,Results,,Bethany Beach,DE,(302) 998-3995
https://www.hrblock.com/tax-office-near-me/delaware/selbyville/48461/?otppartnerid=9308&campaignid=pw_mcm_9308_9762&utm_medium=local,Results,"38445 Dupont Blvd #3, Selbyville, DE 19975",Selbyville,DE,(302) 436-0260
http://www.bergeycpa.com/,Results,"8938 Worcester Hwy, Berlin, MD 21811",Berlin,MD,(410) 641-1101
https://www.belfint.com/,Results,"1011 Centre Rd #310, Wilmington, DE 19805",Wilmington,DE,(302) 225-0600
http://mycompassadvisors.com/,Results,"32892 Coastal Hwy #4, Bethany Beach, DE 19930",Bethany Beach,DE,(302) 526-2565
http://theaccountinghospital.com/,Results,"18545 Munchy Branch Rd, Rehoboth Beach, DE 19971",Rehoboth Beach,DE,(302) 344-2843
http://www.ciurca-tax.com/,Results,"25094 Saltwater Circle, Selbyville, DE 19975",Selbyville,DE,(410) 430-9205
http://www.bluerockfg.com/,Results,"37458 Oyster House Rd, Rehoboth Beach, DE 19971",Rehoboth Beach,DE,(302) 752-6637
http://www.oceancitytaxservice.com/,Results,"10514 Racetrack Rd, Berlin, MD 21811",Berlin,MD,(410) 973-2750
https://blackdiamondfs.com/,Results,"19409 Plantation Rd Bldg 2 Unit 1, Rehoboth Beach, DE 19971",Rehoboth Beach,DE,(302) 265-2236
http://www.davis-smithaccounting.com/,Results,"5582 Milford Harrington Hwy, Harrington, DE 19952",Harrington,DE,(302) 398-4020
https://coastalaccountingmd.com/,Results,,Bethany Beach,DE,(443) 397-7483
https://www.hrblock.com/tax-office-near-me/delaware/millsboro/48460/?otppartnerid=9308&campaignid=pw_mcm_9308_9762&utm_medium=local,Results,"28417 Dupont Blvd #4, Millsboro, DE 19966",Millsboro,DE,(302) 934-6178
https://www.legumnorman.com/,Results,"Edgewater House, Sea Colony Wy, Bethany Beach, DE 19930",Bethany Beach,DE,(302) 537-9499
https://bellenger.accountant/?utm_source=google&utm_medium=organic&utm_campaign=gmb,Results,"3027 Wrangle Hill Rd, Bear, DE 19701",Bear,DE,(302) 838-8800
http://www.tfsllc.net/,Results,"9927 Stephen Decatur Hwy #4, Ocean City, MD 21842",Ocean City,MD,(410) 263-1420
http://www.sqftappraisals.com/,Results,"19532 Manchester Dr, Rehoboth Beach, DE 19971",Rehoboth Beach,DE,(703) 855-1889
https://delmarvacfo.com/,Results,"20028 John J. Williams Hwy Suite 200, Lewes, DE 19958",Lewes,DE,(302) 202-9983
http://ikande.com/,Results,,Bethany Beach,DE,(302) 727-0071
