url,name,address,city,state,phone
http://www.fawcasson.com/,Results,"20376 Coastal Hwy Suite 101, Rehoboth Beach, DE 19971",Rehoboth Beach,DE,(302) 226-1919
http://www.marshallwagner.com/,Results,"19643 Blue Bird Ln #2, Rehoboth Beach, DE 19971",Rehoboth Beach,DE,(302) 227-2537
http://www.doreybateman.com/,Results,"323 Rehoboth Ave Unit D, Rehoboth Beach, DE 19971",Rehoboth Beach,DE,(302) 856-0970
http://luffcpas.com/,Results,"157 Rehoboth Ave, Rehoboth Beach, DE 19971",Rehoboth Beach,DE,(302) 727-5450
https://dfcpasllc.com/,Results,"18306 Coastal Hwy, Lewes, DE 19958",Lewes,DE,(302) 644-4441
https://www.hrblock.com/tax-office-near-me/delaware/rehoboth-beach/8261/?otppartnerid=9308&campaignid=pw_mcm_9308_9762&utm_medium=local,Results,"18585 Coastal Hwy #17, Rehoboth Beach, DE 19971",Rehoboth Beach,DE,(302) 645-2000
http://www.pkscpa.com/,Results,"1143 Savannah Rd #1, Lewes, DE 19958",Lewes,DE,(302) 645-5757
http://theaccountinghospital.com/,Results,"18545 Munchy Branch Rd, Rehoboth Beach, DE 19971",Rehoboth Beach,DE,(302) 344-2843
https://www.mgacctservices.com/,Results,,Rehoboth Beach,DE,(302) 763-3712
http://maureenhbrowncpallc.com/,Results,"22434 Grebe Ln, Ocean View, DE 19970",Ocean View,DE,(301) 943-1911
http://mysmallbusinessaccountant.com/,Results,,Rehoboth Beach,DE,(302) 291-2714
https://www.stevenfalconecpa.com/,Results,"17663 Church St, Lewes, DE 19958",Lewes,DE,(302) 644-8634
http://howardwimbrowcpa.com/,Results,"17527 Nassau Commons Blvd #214, Lewes, DE 19958",Lewes,DE,(302) 539-0829
http://www.savvyacctgcorp.net/,Results,"26238 Richfield Dr, Lewes, DE 19958",Lewes,DE,(646) 284-7240
http://www.waynetaxpro.com/,Results,,Rehoboth Beach,DE,(973) 262-8409
http://dfcpasllc.com/,Results,"18306 Coastal Hwy, Lewes, DE 19958",Lewes,DE,(800) 748-0354
https://www.cpaoffice.com/?utm_source=google&utm_medium=wix_google_business_profile&utm_campaign=7390149792420297398,Results,"24249 Canoe Dr, Millsboro, DE 19966",Millsboro,DE,(302) 681-4841
http://www.bluerockfg.com/,Results,"37458 Oyster House Rd, Rehoboth Beach, DE 19971",Rehoboth Beach,DE,(302) 752-6637
http://www.hodgescpas.com/,Results,"282 N Rehoboth Blvd, Milford, DE 19963",Milford,DE,(302) 426-4750
http://www.pha.cpa/,Results,"28466 Dupont Blvd, Millsboro, DE 19966",Millsboro,DE,(302) 934-6688
http://www.1040pro.com/,Results,"33815 Clay Rd, Lewes, DE 19958",Lewes,DE,(302) 645-6216
https://www.mbonlinecpa.com/,Results,"40 Atlantic Ave, Ocean View, DE 19970",Ocean View,DE,
https://www.clearportaltax.com/about-us,Results,"179 Rehoboth Ave, Rehoboth Beach, DE 19971",Rehoboth Beach,DE,(302) 515-5055
https://www.tidewaterbusinesssvc.com/,Results,,Rehoboth Beach,DE,(302) 237-7455
http://regiustax.com/,Results,"16192 Coastal Hwy, Lewes, DE 19958",Lewes,DE,(302) 482-8292
https://blackdiamondfs.com/,Results,"19409 Plantation Rd Bldg 2 Unit 1, Rehoboth Beach, DE 19971",Rehoboth Beach,DE,(302) 265-2236
https://www.wwd-cpa.com/,Results,"17577 Nassau Commons Blvd, Lewes, DE 19958",Lewes,DE,(302) 360-2040
http://www.srenardcpa.com/,Results,"124 Tobin Dr, Milton, DE 19968",Milton,DE,(302) 381-8928
http://delawarecpa.net/,Results,"216A W Market St, Georgetown, DE 19947",Georgetown,DE,(302) 854-0133
https://www.firststateaccounting.com/,Results,,Rehoboth Beach,DE,(302) 998-3995
https://www.tpgcpa.com/,Results,"705 Westchester Ct, Dagsboro, DE 19939",Dagsboro,DE,(302) 541-0610
https://delmarvacfo.com/,Results,"20028 John J. Williams Hwy Suite 200, Lewes, DE 19958",Lewes,DE,(302) 202-9983
http://www.juds.com/,Results,"Professional Center, 92 Atlantic Ave D, Ocean View, DE 19970",Ocean View,DE,(302) 539-5543
https://ewealthmax.com/pg/aboutus.php,Results,"16192 Coastal Hwy, Lewes, DE 19958",Lewes,DE,(703) 468-1139
https://ocpafirm.com/,Results,,Rehoboth Beach,DE,(443) 504-4586
https://advisor.morganstanley.com/rehoboth-beach-branch?y_source=1_MjM2MjEzOS03MTUtbG9jYXRpb24ud2Vic2l0ZQ%3D%3D,Results,"55 Cascade Ln, Rehoboth Beach, DE 19971",Rehoboth Beach,DE,(302) 644-6600
http://www.cpadelaware.net/,Results,"1000 N West St Ste 1200 building, Wilmington, DE 19801",Wilmington,DE,(732) 829-6395
http://www.lachallleecpa.com/,Results,"17563 Nassau Commons Blvd, Lewes, DE 19958",Lewes,DE,(302) 644-9952
http://www.killiancpa.com/,Results,"118 Church St, Selbyville, DE 19975",Selbyville,DE,(302) 524-8091
https://delawarecpa.net/,Results,"216 E Market St suite 101, Georgetown, DE 19947",Georgetown,DE,
http://www.sdwaccounting.com/,Results,"117 S Bedford St, Georgetown, DE 19947",Georgetown,DE,(302) 856-4141
http://www.lindenbergfinancial.com/,Results,"404-A E Savannah Rd, Lewes, DE 19958",Lewes,DE,(302) 235-8672
http://www.rfbookcpas.com/,Results,"34382 Carpenters Way, Lewes, DE 19958",Lewes,DE,(302) 644-6850
http://www.lifeworkbks.com/,Results,"17527 Nassau Commons Blvd Ste 208, Lewes, DE 19958",Lewes,DE,(610) 324-6895
https://preferredtax.com/,Results,"32369 Long Neck Rd #13, Millsboro, DE 19966",Millsboro,DE,(302) 945-3700
http://www.cpa-t.net/,Results,,Rehoboth Beach,DE,(302) 515-5055
http://www.sqftappraisals.com/,Results,"19532 Manchester Dr, Rehoboth Beach, DE 19971",Rehoboth Beach,DE,(703) 855-1889
https://advisor.ml.com/sites/de/rhbth-bch-de/ricker-tidwell,Results,"18949 Coastal Hwy, Rehoboth Beach, DE 19971",Rehoboth Beach,DE,(302) 645-4427
https://composity.com/,Results,"18793 Sylvan Dr, Rehoboth Beach, DE 19971",Rehoboth Beach,DE,+359 88 825 9239
http://www.aebusinesservices.com/,Results,"616 R Wilson Lp, Georgetown, DE 19947",Georgetown,DE,(302) 604-9839
http://www.ciurca-tax.com/,Results,"25094 Saltwater Circle, Selbyville, DE 19975",Selbyville,DE,(410) 430-9205
http://cgcpa.pro/,Results,"19 120th St, Ocean City, MD 21842",Ocean City,MD,(410) 524-2720
https://campbellcoaccounting.com/,Results,"37427 Gateway Ln unit 3, Selbyville, DE 19975",Selbyville,DE,(302) 617-2377
https://www.dstaffordandassociates.com/,Results,"179 Rehoboth Ave #1121, Rehoboth Beach, DE 19971",Rehoboth Beach,DE,(302) 344-5809
https://www.morrisjames.com/,Results,"19339 Coastal Hwy Ste 300, Rehoboth Beach, DE 19971",Rehoboth Beach,DE,(302) 260-7290
https://syndicate.marketing/,Results,"19860 Central Ave, Rehoboth Beach, DE 19971",Rehoboth Beach,DE,(484) 886-1511
http://premocpa.com/,Results,"310 High St, Seaford, DE 19973",Seaford,DE,(302) 875-4205
http://www.ljtcpa.com/,Results,"268 Milford Harrington Hwy, Milford, DE 19963",Milford,DE,(302) 422-3308
https://www.belfint.com/,Results,"1011 Centre Rd #310, Wilmington, DE 19805",Wilmington,DE,(302) 225-0600
http://www.fawcasson.com/?utm_source=Next&utm_medium=Google_website&utm_campaign=OceanCity,Results,"9748 Stephen Decatur Hwy #103, Ocean City, MD 21842",Ocean City,MD,(410) 213-8700
https://www.fawcasson.com/,Results,"160 Greentree Dr #203, Dover, DE 19904",Dover,DE,(302) 674-4305
https://terrellcpa.com/,Results,"1109 Middleford Rd # B, Seaford, DE 19973",Seaford,DE,(302) 628-1515
http://www.scassoc.net/,Results,"651 N Broad St #103, Middletown, DE 19709",Middletown,DE,(302) 454-1100
https://www.cbh.com/locations/tax-accounting-advisory-services-in-Wilmington-delaware/?utm_source=google&utm_medium=organic&utm_campaign=gmb-wilmington-de&utm_content=website-button,Results,"2200 Concord Pike, Wilmington, DE 19803",Wilmington,DE,(302) 798-3300
https://campbellcoaccounting.com/studio,Results,,Rehoboth Beach,DE,
